"Fiscal Year",Scope,Source,"CO2 (kg)","CO2 (MTCDE)","CH4 (kg)","CH4 (MTCDE)","N2O (kg)","N2O (MTCDE)","GHG MTCDE"
2020,1,"Co-gen Electricity","5,089,599","5,089.60",507,14.16,10,2.77,"5,106.53"
2020,1,"Co-gen Steam","5,552,083","5,552.08",554,15.44,11,3.02,"5,570.55"
2020,1,"Other On-Campus Stationary","7,029,594","7,029.59",706,19.69,15,4.04,"7,053.33"
2020,1,"Direct Transportation","181,866",181.87,5,0.13,5,1.34,183.34
2020,1,"Fertilizer & Animals",0,0.00,0,0.00,36,9.69,9.69
2020,2,"Purchased Electricity","2,263,860","2,263.86",316,8.82,43,11.66,"2,284.34"
2020,3,"Faculty Commuting","492,346",492.35,14,0.38,12,3.21,495.93
2020,3,"Directly Financed Air Travel","1,772,293","1,772.29",24,0.66,21,5.67,"1,778.62"
2020,3,FERA,"2,270,374","2,270.37","174,682","4,873.62",24,6.42,"7,150.41"
2020,3,"T&D Losses","126,700",126.70,18,0.49,2,0.65,127.85
2021,1,"Co-gen Electricity","4,859,107","4,859.11",484,13.52,10,2.65,"4,875.27"
2021,1,"Co-gen Steam","7,099,400","7,099.40",708,19.75,14,3.86,"7,123.01"
2021,1,"Other On-Campus Stationary","8,420,385","8,420.39",840,23.44,17,4.61,"8,448.44"
2021,1,"Direct Transportation","157,716",157.72,4,0.11,4,1.11,158.93
2021,1,"Fertilizer & Animals",0,0.00,0,0.00,36,9.69,9.69
2021,2,"Purchased Electricity","2,454,260","2,454.26",328,9.15,41,11.18,"2,474.59"
2021,3,"Faculty Commuting","75,690",75.69,2,0.06,2,0.48,76.23
2021,3,"Directly Financed Air Travel","39,784",39.78,1,0.01,0,0.13,39.92
2021,3,"Solid Waste","113,533",113.53,0,0.00,43,11.64,125.18
2021,3,FERA,"2,594,525","2,594.53","202,679","5,654.75",27,7.44,"8,256.72"
2021,3,"T&D Losses","115,646",115.65,15,0.43,2,0.53,116.60
2022,1,"Co-gen Electricity","6,012,493","6,012.49",599,16.73,12,3.27,"6,032.49"
2022,1,"Co-gen Steam","6,533,034","6,533.03",651,18.17,13,3.56,"6,554.76"
2022,1,"Other On-Campus Stationary","7,753,380","7,753.38",777,21.68,16,4.40,"7,779.47"
2022,1,"Direct Transportation","183,287",183.29,4,0.12,5,1.23,184.64
2022,1,"Fertilizer & Animals",0,0.00,0,0.00,24,6.63,6.63
2022,2,"Purchased Electricity","2,368,683","2,368.68",276,7.71,35,9.57,"2,385.96"
2022,3,"Faculty Commuting","295,396",295.40,7,0.19,6,1.70,297.29
2022,3,"Staff Commuting","946,095",946.09,22,0.62,20,5.44,952.15
2022,3,"Directly Financed Air Travel","805,980",805.98,9,0.26,10,2.60,808.84
2022,3,"Study Abroad Air Travel","291,954",291.95,0,0.01,3,0.94,292.91
2022,3,"Solid Waste","12,657",12.66,"12,657",353.13,0,0.00,365.79
2022,3,FERA,"2,600,587","2,600.59","201,035","5,608.88",27,7.38,"8,216.85"
2022,3,"T&D Losses","133,805",133.80,16,0.44,2,0.54,134.78
2023,1,"Co-gen Electricity","5,203,772","5,203.77",519,14.48,10,2.83,"5,221.08"
2023,1,"Co-gen Steam","6,326,058","6,326.06",631,17.60,13,3.44,"6,347.10"
2023,1,"Other On-Campus Stationary","7,463,210","7,463.21",756,21.10,17,4.58,"7,488.89"
2023,1,"Direct Transportation","188,907",188.91,5,0.13,5,1.27,190.30
2023,1,"Fertilizer & Animals",0,0.00,0,0.00,24,6.63,6.63
2023,2,"Purchased Electricity","1,615,644","1,615.64",188,5.23,24,6.50,"1,627.37"
2023,3,"Faculty Commuting","160,790",160.79,5,0.14,4,0.96,161.89
2023,3,"Staff Commuting","1,194,770","1,194.77",32,0.88,27,7.28,"1,202.93"
2023,3,"Directly Financed Air Travel","689,494",689.49,8,0.22,8,2.22,691.94
2023,3,"Study Abroad Air Travel","291,954",291.95,0,0.01,3,0.94,292.91
2023,3,"Solid Waste","11,876",11.88,"11,876",331.34,0,0.00,343.22
2023,3,FERA,"2,470,782","2,470.78","186,123","5,192.83",25,6.84,"7,670.44"
2023,3,"T&D Losses","116,674",116.67,14,0.38,2,0.47,117.52
2024,1,"Co-gen Electricity","6,800,533","6,800.53",678,18.92,14,3.70,"6,823.15"
2024,1,"Co-gen Steam","5,787,942","5,787.94",577,16.10,12,3.15,"5,807.19"
2024,1,"Other On-Campus Stationary","8,837,637","8,837.64",891,24.87,19,5.22,"8,867.73"
2024,1,"Direct Transportation","153,014",153.01,4,0.10,4,1.03,154.14
2024,1,"Refrigerants & Chemicals",0,0.00,0,0.00,0,0.00,303.71
2024,1,"Fertilizer & Animals",0,0.00,0,0.00,24,6.63,6.63
2024,2,"Purchased Electricity","1,412,484","1,412.48",164,4.57,21,5.68,"1,422.74"
2024,3,"Faculty Commuting","157,408",157.41,5,0.15,3,0.83,158.39
2024,3,"Staff Commuting","1,168,929","1,168.93",35,0.98,23,6.26,"1,176.17"
2024,3,"Directly Financed Air Travel","2,531,300","2,531.30",29,0.81,30,8.16,"2,540.27"
2024,3,"Study Abroad Air Travel","291,954",291.95,0,0.01,3,0.94,292.91
2024,3,"Solid Waste","10,955",10.95,"12,269",342.32,0,0.00,353.27
2024,3,FERA,"2,750,513","2,750.51","211,077","5,889.06",28,7.75,"8,647.33"
2024,3,"T&D Losses","109,679",109.68,13,0.36,2,0.44,110.48
2025,1,"Co-gen Electricity","2,590,577","2,590.58",258,7.21,5,1.41,"2,599.19"
2025,1,"Co-gen Steam","6,574,250","6,574.25",655,18.29,13,3.58,"6,596.12"
2025,1,"Other On-Campus Stationary","7,569,851","7,569.85",756,21.10,15,4.17,"7,595.12"
2025,1,"Direct Transportation","209,179",209.18,5,0.14,5,1.40,210.73
2025,1,"Refrigerants & Chemicals",0,0.00,0,0.00,0,0.00,76.73
2025,1,"Fertilizer & Animals",0,0.00,0,0.00,19,5.08,5.08
2025,2,"Purchased Electricity","3,265,555","3,265.55",379,10.58,48,13.13,"3,289.26"
2025,3,"Faculty Commuting","153,060",153.06,4,0.11,3,0.74,153.91
2025,3,"Staff Commuting","1,134,746","1,134.75",23,0.66,20,5.54,"1,140.94"
2025,3,"Directly Financed Air Travel","1,656,463","1,656.46",19,0.53,20,5.34,"1,662.33"
2025,3,"Other Directly Financed Travel","1,443",1.44,0,0.00,0,0.01,1.45
2025,3,"Study Abroad Air Travel","1,330,948","1,330.95",2,0.05,16,4.29,"1,335.29"
2025,3,"Solid Waste","11,437",11.44,"12,809",357.37,0,0.00,368.81
2025,3,FERA,"2,125,000","2,125.00","166,361","4,641.47",22,6.11,"6,772.58"
2025,3,"T&D Losses","183,187",183.19,21,0.59,3,0.74,184.52
2026,1,"Other On-Campus Stationary","10,483,741","10,483.74","1,045",29.16,21,5.71,"10,518.61"
2026,2,"Purchased Electricity","6,553,302","6,553.30",761,21.22,97,26.35,"6,600.88"
2026,3,"Other Directly Financed Travel","8,016",8.02,0,0.00,0,0.04,8.06
2026,3,FERA,"1,332,971","1,332.97","104,355","2,911.50",14,3.83,"4,248.31"
2026,3,"T&D Losses","287,306",287.31,33,0.93,4,1.16,289.39

"Fiscal Year",Scope,"CO2 (kg)","CH4 (kg)","N2O (kg)","GHG MTCDE"
2020,1,"17,853,143","1,772",76,"17,923.43"
2020,2,"2,263,860",316,43,"2,284.34"
2020,3,"4,661,713","174,736",58,"9,552.80"
2021,1,"20,536,608","2,036",80,"20,615.34"
2021,2,"2,454,260",328,41,"2,474.59"
2021,3,"2,939,178","202,697",74,"8,614.66"
2022,1,"20,482,194","2,032",70,"20,557.99"
2022,2,"2,368,683",276,35,"2,385.96"
2022,3,"5,086,473","213,747",68,"11,068.60"
2023,1,"19,181,948","1,910",69,"19,254.00"
2023,2,"1,615,644",188,24,"1,627.37"
2023,3,"4,936,340","198,057",69,"10,480.85"
2024,1,"21,579,125","2,150",72,"21,962.56"
2024,2,"1,412,484",164,21,"1,422.74"
2024,3,"7,020,739","223,430",89,"13,278.81"
2025,1,"16,943,857","1,675",57,"17,082.97"
2025,2,"3,265,555",379,48,"3,289.26"
2025,3,"6,596,283","179,239",83,"11,619.83"
2026,1,"10,483,741","1,045",21,"10,518.61"
2026,2,"6,553,302",761,97,"6,600.88"
2026,3,"1,628,293","104,388",18,"4,545.76"

"Fiscal Year","CO2 (kg)","CH4 (kg)","N2O (kg)","Gross MTCDE","Offsets (MTCDE)","Compost (MTCDE)","Non-Additional Sequestration (MTCDE)","Biogenic (MT CO2)","Net MTCDE"
2020,"24,778,715","176,824",178,"29,760.58",0.00,-76.44,0.00,0.00,"29,684.14"
2021,"25,930,046","205,062",195,"31,704.59",0.00,0.00,0.00,0.00,"31,704.59"
2022,"27,937,350","216,055",173,"34,012.56",0.00,0.00,0.00,0.00,"34,012.56"
2023,"25,733,932","200,155",161,"31,362.22",0.00,0.00,0.00,0.00,"31,362.22"
2024,"30,012,348","225,744",182,"36,664.11",0.00,0.00,0.00,0.00,"36,664.11"
2025,"26,805,695","181,294",189,"31,992.06",0.00,0.00,0.00,0.00,"31,992.06"
2026,"18,665,336","106,194",136,"21,665.25",0.00,0.00,0.00,0.00,"21,665.25"

"Export Date",Campus,"eGrid Region","EF Version","GWP Version","Scope 2 Method","Radiative Forcing",Tags
"2026-10-06 09:54",,,2025,"AR6 100-year",Market-Based,2.7,"- All -",
,"Main Campus",NEWE,,,,,
